Abelia chinensis,Chinesische Abelie
Abelia x grandiflora,Großblütige Abelie
Abienus festuschristus,Weihnachtsbaum
Abies alba,Weiß-Tanne
Abies balsamea,Balsam-Tanne
Abies cephalonica,Griechische Tanne
Abies concolor,Colorado-Tanne
Abies equi-trojani,Kleinasiatische Tanne
Abies grandis,Küsten-Tanne
Abies holophylla,Mandschurische Tanne
Abies homolepis,Nikko-Tanne
Abies koreana,Korea-Tanne
Abies lasiocarpa,Felsen-Gebirgstanne
Abies nordmanniana,Nordmanns Tanne
Abies pinsapo,Spanische Tanne
Abies procera,Edel-Tanne
Abies procera 'Glauca',Blau-Tanne
Abies veitchii,Veitchs Tanne
Abutilon megapotamicum,Schönmalve
Acacia dealbata,Silber-Akazie
Acacia karroo,Karroo-Akazie
Acacia retinodes,Immerblühende Akazie
Acer buergerianum,Dreizähniger Ahorn
Acer campestre,Feld-Ahorn
Acer capillipes,Roter Schlangenhaut-Ahorn
Acer cappadocicum,Kolchischer Ahorn
Acer carpinifolium,Hainbuchenblättriger Ahorn
Acer caudatum subsp. caudatum,Geschwänzter Ahorn
Acer circinatum,Weinblatt-Ahorn
Acer cissifolium,Cissusblättriger Ahorn
Acer coriaceifolium,Lederblatt-Ahorn
Acer davidii,Davids-Ahorn
Acer davidii subsp. grosserii,Grossers Ahorn
Acer griseum,Zimt-Ahorn
Acer japonicum 'Aconitifolium',Japanischer Feuer-Ahorn
Acer macrophyllum,Oregon-Ahorn
Acer mandshuricum,Mandschurischer Ahorn
Acer monspessulanum,Felsen-Ahorn
Acer negundo,Eschen-Ahorn
Acer opalus,Schneeballblättriger Ahorn
Acer opalus ssp. obtusatum,Italienischer Ahorn
Acer palmatum,Fächer-Ahorn
Acer palmatum 'Dissectum Viridis',Japanischer Schlitzahorn
Acer pensylvanicum,Amerikanischer Schlangenhaut-Ahorn
Acer platanoides,Spitz-Ahorn
Acer platanoides 'Crimson King',Blut-Ahorn
Acer platanoides 'palmatifidum',Geschlitzter Spitz-Ahorn
Acer platanoides f. drummondii,Drummonds Spitz-Ahorn
Acer pseudoplatanus,Berg-Ahorn
Acer pseudoplatanus 'Leopoldii',Berg-Ahorn 'Leopoldii'
Acer pseudoplatanus f. atropurpureum,Rotblättriger Berg-Ahorn
Acer rubrum,Rot-Ahorn
Acer rufinerve,Rostnerviger Schlangenhaut-Ahorn
Acer saccharinum,Silber-Ahorn
Acer saccharum,Zucker-Ahorn
Acer sempervirens,Kretischer Ahorn
Acer shirasawanum,Shirasawas Fächer-Ahorn
Acer tataricum,Tataren-Ahorn
Acer tataricum subsp. ginnala,Feuer-Ahorn
Acer tegmentosum,Koreanischer Schlangenhaut-Ahorn
Acer triflorum,Dreiblütiger Ahorn
Acer x freemanii,Freemans Ahorn
Acer x zoeschense,Zoescheners Ahorn
Actinidia arguta,Kleinfruchtige Kiwi
Actinidia deliciosa,Kiwi
Actinidia kolomikta,Bunter Strahlengriffel
Adonidia merrillii,Manilapalme
Aesculus flava,Gelbe Rosskastanie
Aesculus glabra,Ohio-Rosskastanie
Aesculus hippocastanum,Gemeine Rosskastanie
Aesculus hippocastanum f. laciniata,Schlitzblättrige Rosskastanie
Aesculus hippocastanum f. memingeri,Gold-Kastanie
Aesculus indica,Indische Rosskastanie
Aesculus parviflora,Strauch-Rosskastanie
Aesculus pavia,Echte Pavie
Aesculus turbinata,Japanische Rosskastanie
Aesculus x carnea,Rotblühende Rosskastanie
Aesculus x mutabilis 'Penduliflora',Rosskastanien-Hybrid
Aesculus x neglecta 'Erythroblastos',Carolina-Rosskastanie
Afzelia africana,Afzelia
Ailanthus altissima,Götterbaum
Akebia quinata,Fingerblättrige Akebie
Alangium platanifolium,Platanenblättrige Alangie
Albizia julibrissin,Seidenbaum
Allocasuarina luehmannii,Buloke
Alnus cordata,Italienische Erle
Alnus glutinosa,Schwarz-Erle
Alnus incana,Grau-Erle
Alnus sinuata,Sitka-Erle
Alnus viridis,Grün-Erle
Alnus x spaethii,Spaeths Erle
Aloysia citrodora,Zitronen-Verbene
Amelanchier arborea,Baum-Felsenbirne
Amelanchier asiatica,Japanische Felsenbirne
Amelanchier laevis,Kahle Felsenbirne
Amelanchier lamarckii,Kupfer-Felsenbirne
Amelanchier ovalis,Gemeine Felsenbirne
Amelanchier spicata,Ährige Felsenbirne
Amorpha fructicosa,Gewöhnlicher Bastardindigo
Anacardium occidentale,Cashew
Anagyris foetida,Stinkstrauch
Andromeda polifolia,Rosmarinheide
Annona cherimola,Cherimoya
Aralia elata,Japanischer Angelikabaum
Araucaria araucana,Andentanne
Araucaria bidwillii,Queensland-Araukarie
Araucaria columnaris,Säulen-Araukarie
Araucaria cunninghamii,Cunninghams Araukarie
Araucaria heterophylla,Norfolktanne
Arbutus canariensis,Kanarischer Erdbeerbaum
Arbutus menziesii,Amerikanischer Erdbeerbaum
Arbutus unedo,Westlicher Erdbeerbaum
Argania spinosa,Arganbaum
Argyrocytisus battandieri,Silberginster
Aronia arbutifolia,Filzige Apfelbeere
Aronia melanocarpa,Kahle Apfelbeere
Aronia x prunifolia,Pflaumenblättrige Apfelbeere
Artemisia absinthum,Echter Wermut
Asimina triloba,Indianerbanane
Asparagus acutifolius,Stechender Spargel
Aucuba japonica,Japanische Goldorange
Averrhoa carambola,Karambole
Barringtonia asiatica,Barringtonia asiatica
Bauhinia galpinii,Zwerg-Orchideenbaum
Bauhinia kockiana,Kocks Bauhinie
Bauhinia x blakeana,Hong-Kong-Orchideenbaum
Berberis julianae,Julianes Berberitze
Berberis koreana,Koreanische Berberitze
Berberis thunbergii,Thunbergs Berberitze
Berberis vulgaris,Gewöhnliche Berberitze
Betula alleghaniensis,Gelb-Birke
Betula alnoides subsp. alnoides,Erlenblättrige Birke
Betula alnoides subsp. luminifera,Leuchtende Birke 
Betula costata,Gerippte Birke
Betula dahurica,Mongolische Birke
Betula ermanii,Gold-Birke Hybride
Betula insignis,Birke
Betula lenta,Zucker-Birke
Betula lenta f. uber,Virginische Rundblatt-Birke
Betula maximowicziana,Lindenblättrige Birke
Betula nana,Zwerg-Birke
Betula nigra,Schwarz-Birke
Betula papyrifera,Papier-Birke
Betula pendula,Hänge-Birke
Betula pendula f. dalecarlica,Schlitzblättrige Hänge-Birke
Betula populifolia,Pappelblättrige Birke Hybride
Betula pubescens,Moor-Birke
Betula utilis var. jacquemontii 'Doorenbos',Doorenbos Weißrindige Himalaja-Birke
Bougainvillea glabra,Bougainvillea
Bougainvillea spectabilis,Prächtige Bougainvillea
Brachychiton acerifolius,Ahornblättriger Flaschenbaum
Brachychiton discolor,Lacebark Flaschenbaum
Brachychiton populneus,Pappelblättriger Flaschenbaum
Brachychiton rupestris,Queensland-Flaschenbaum
Broussonetia papyrifera,Papiermaulbeerbaum
Buddleja alternifolia,Schmalblättriger Sommerflieder
Buddleja davidii,Gewöhnlicher Sommerflieder
Buddleja globosa,Kugelblütiger Sommerflieder
Buddleja x weyeriana,Gelber Sommerflieder
Bupleurum fruticosum,Strauchiges Hasenohr
Butyrospermum parkii,Afrikanischer Butterbaum
Buxus sempervirens,Gewöhnlicher Buchsbaum
Caesalpinia gilliesii,Paradiesvogelbusch
Calicotome spinosa,Stacheliger Dornginster
Callicarpa dichotoma,Purpur-Schönfrucht
Callistemon citrinus,Karminroter Zylinderputzer
Calluna vulgaris,Besenheide
Calocedrus decurrens,Rauchzypresse
Calocedrus decurrens 'Aureovariegata',Rauchzypresse
Calycanthus fertilis,Fruchtbarer Gewürzstrauch
Calycanthus floridus,Echter Gewürzstrauch
Camellia japonica,Japanische Kamelie
Camellia sasanqua,Herbst-Kamelie
Campsis grandiflora,Chinesische Klettertrompete
Campsis radicans,Amerikanische Klettertrompete
Campsis x tagliabuana,Hybrid-Klettertrompete
Capparis spinosa,Kapernstrauch
Caragana arborescens,Gewöhnlicher Erbsenstrauch
Carissa edulis,Karandapflaume
Carissa macrocarpa,Natalpflaume
Carpenteria californica,Baum-Anemone
Carpinus betulus,Hainbuche
Carpinus betulus 'Quercifolia',Eichenblättrige Hainbuche
Carpinus caroliniana,Amerikanische Hainbuche
Carpinus japonica,Japanische Hainbuche
Carya cordiformis,Bitternuss
Carya illinoinensis,Pekannuss
Carya laciniosa,Königsnuss
Carya ovata,Schuppenrinden-Hickorynuss
Carya tomentosa,Spottnuss-Hickory
Cascabela thevetia,Tropischer Oleander
Cassia siberiana,Cassia siberiana
Castanea crenata,Japanische Kastanie
Castanea dentata,Amerikanische Kastanie
Castanea sativa,Ess-Kastanie
Casuarina cunninghamiana,Cunninghams Kasuarine
Casuarina stricta,Kasuarine
Catalpa bignonioides,Trompetenbaum
Catalpa bungei,Bunges Trompetenbaum
Catalpa ovata,Gelber Trompetenbaum
Catalpa speciosa,Prächtiger Trompetenbaum
Catalpa x erubescens,Purpurblättriger Trompetenbaum
Ceanothus hybridus,Immergrüne Hybrid-Säckelblume
Ceanothus x delilianus,Französische Hybrid-Säckelblume
Cedrus atlantica,Atlas-Zeder
Cedrus atlantica 'Glauca',Blaue Atlas-Zeder
Cedrus brevifolia,Zypern-Zeder
Cedrus deodara,Himalaja-Zeder
Cedrus deodara 'Paktia',Himalaja-Zeder 'Paktia'
Cedrus libani,Libanon Zeder
Ceiba speciosa,Florettseidenbaum
Celtis australis,Südlicher Zürgelbaum
Celtis occidentalis,Westlicher Zürgelbaum
Cephalanthus occidentalis,Knopfstrauch
Cephalotaxus fortunei,Chinesische Kopfeibe
Cephalotaxus harringtonia,Harringtons Kopfeibe
Cephalotaxus sinensis,Chinesische Kopfeibe
Ceratonia siliqua,Johannisbrotbaum
Cercidiphyllum japonicum,Katsurabaum
Cercis canadensis,Kanadischer Judasbaum
Cercis chinensis,Chinesischer Judasbaum
Cercis siliquastrum,Gewöhnlicher Judasbaum
Chaenomeles japonica,Japanische Zierquitte
Chaenomeles speciosa,Chinesische Zierquitte
Chamaecyparis lawsoniana,Lawsons Scheinzypresse
Chamaecyparis obtusa,Hinoki-Scheinzypresse
Chamaecyparis pisifera,Sawara-Scheinzypresse
Chamaecyparis pisifera f. squarrosa,Sawara-Scheinzypresse Squarrosa-Form
Chamaecyparis thyoides,Weiße Scheinzypresse
Chamaerops humilis,Europäische Zwergpalme
Chimonanthus praecox,Chinesische Winterblüte
Chionanthus retusus,Chinesischer Schneeflockenstrauch
Chionanthus virginicus,Virginischer Schneeflockenstrauch
Chitalpa tashkentensis,Schmalblättriger Trompetenbaum
Choisya ternata,Mexikanische Orangenblume
Choisya x dewitteana,Dewittes Orangenblume
Cinnamomum camphora,Kampferbaum
Cistus albidus,Weißliche Zistrose
Cistus crispus,Krause Zistrose
Cistus incanus,Graue Zistrose
Cistus incanus ssp. creticus,Kretische Zistrose
Cistus ladanifer,Lack-Zistrose
Cistus laurifolius,Lorbeerblättrige Zistrose
Cistus monspeliensis,Montpelier-Zistrose
Cistus populifolius,Pappelblättrige Zistrose
Cistus salviifolius,Salbeiblättrige Zistrose
Cistus symphytifolius,Beinwellblättrige Zistrose
Citharexylum spinosum,Leierholz
Citrus medica,Zitronat-Zitrone
Citrus x aurantium,Orange
Citrus x limon,Zitrone
Cladrastis kentukea,Amerikanisches Gelbholz
Clematis armandii,Immergrüne Waldrebe
Clematis flammula,Brennende Waldrebe
Clematis montana,Berg-Waldrebe
Clematis vitalba,Gewöhnliche Waldrebe
Clematis viticella,Italienische Waldrebe
Clerodendrum bungei,Bunges Losbaum
Clerodendrum trichotomum,Losbaum
Clethra alnifolia,Erlenblättrige Zimterle
Clethra barbinervis,Japanische Zimterle
Cneorum tricoccon,Zwergölbaum
Coccoloba uvifera,Seetraube
Cocos nucifera,Kokospalme
Colutea arborescens,Gewöhnlicher Blasenstrauch
Cornus alba,Tatarischer Hartriegel
Cornus alternifolia,Wechselblättriger Hartriegel
Cornus canadensis,Teppich-Hartriegel
Cornus controversa,Riesen-Hartriegel
Cornus florida,Blüten-Hartriegel
Cornus kousa,Japanischer Blumen-Hartriegel
Cornus mas,Kornelkirsche
Cornus nuttallii,Nutalls Blumen-Hartriegel
Cornus officinalis,Japanische Kornelkirsche
Cornus racemosa,Rispen-Hartriegel
Cornus sanguinea,Blutroter Hartriegel
Cornus sericea,Seidiger Hartriegel
Coronilla valentina ssp. glauca,Blaue Kronwicke
Corylopsis pauciflora,Armblütige Scheinhasel
Corylopsis spicata,Ährige Scheinhasel
Corylopsis veitchiana,Veitchs Scheinhasel
Corylus avellana,Gemeine Hasel
Corylus avellana 'Contorta',Korkenzieher-Hasel
Corylus colurna,Baum-Hasel
Corylus maxima,Lamberts-Hasel
Corymbia dallachiana,Ghost Tree
Cotinus coggygria,Gewöhnlicher Perückenstrauch
Cotoneaster bullatus,Runzelige Zwergmispel
Cotoneaster dammeri,Teppich-Zwergmispel
Cotoneaster dielsianus,Diels Zwergmispel
Cotoneaster divaricatus,Sparrige Zwergmispel
Cotoneaster floccosus,Flockige Zwergmispel
Cotoneaster frigidus,Himalaya-Baummispel
Cotoneaster horizontalis,Fächer-Zwergmispel
Cotoneaster integerrimus,Gewöhnliche Zwergmispel
Cotoneaster multiflorus,Vielblütige Zwergmispel
Cotoneaster x suecicus,Schwedische Zwergmispel
Crataegus laevigata,Zweigriffeliger Weißdorn
Crataegus laevigata 'Paul's Scarlet',Rotdorn
Crataegus monogyna,Eingriffeliger Weißdorn
Crataegus nigra,Schwarzfrüchtiger Weißdorn
Crataegus pedicellata,Scharlach-Weißdorn
Crataegus pinnatifida,Fiederblatt-Weißdorn
Crataegus succulenta var. macrantha,Saft-Weißdorn
Crataegus x lavallei 'Carrierei',Lederblättriger Weißdorn
Crataemespilus grandiflora,Großblütige Weißdorn-Mispel
Cryptomeria japonica,Sicheltanne
Cryptomeria japonica f. cristata,Hahnenkamm-Sicheltanne
Cunninghamia lanceolata,Chinesische Spießtanne
Cupressus arizonica,Arizona-Zypresse
Cupressus glabra,Glatte Arizona-Zypresse
Cupressus sempervirens,Italienische Zypresse
Cycas revoluta,Japanischer Sagopalmfarn
Cydonia oblonga,Echte Quitte
Cytisus scoparius,Besen-Ginster
Danae racemosa,Alexandrinischer Lorbeer
Daphne gnidium,Mittelmeer-Seidelbast
Daphne laureola,Lorbeer-Seidelbast
Daphne mezereum,Gewöhnlicher Seidelbast
Dasiphora fruticosa,Fingerstrauch
Davidia involucrata,Taschentuchbaum
Decaisnea fargesii,Chinesische Blaugurke
Delonix regia,Flammenbaum
Deutzia gracilis,Zierliche Deutzie
Deutzia longifolia,Langblättrige Deutzie
Deutzia scabra,Raublättrige Deutzie
Deutzia x hybrida,Rosen-Deutzie
Diospyros kaki,Kakipflaume
Diospyros lotus,Lotuspflaume
Diospyros virginiana,Amerikanische Persimone
Dipelta floribunda,Vielblütiges Doppelschild
Distylium racemosum,Isu-Baum
Dracaena draco,Drachenbaum
Duranta erecta,Taubenbeere
Edgeworthia chrysantha,Japanischer Papierbusch
Ehretia dicksonii,Dicksons Ehretia
Elaeagnus angustifolia,Schmalblättrige Ölweide
Elaeagnus pungens,Dornige Ölweide
Elaeagnus umbellata,Schirm-Ölweide
Elaeagnus x ebbingei,Wintergrüne Ölweide
Eleutherococcus sieboldianus,Siebolds Fingeraralie
Enkianthus campanulatus,Prachtglocke
Enkianthus perulatus,Frühblühende Prachtglocke
Erica arborea,Baum-Heide
Erica carnea,Schnee-Heide
Erica cinerea,Grau-Heide
Erica tetralix,Glocken-Heide
Eriobotrya japonica,Japanische Wollmispel
Erythrina crista-galli,Korallenbaum
Eucalyptus globulus,Gewöhnlicher Eukalyptus
Eucommia ulmoides,Guttaperchabaum
Euonymus alatus,Flügel-Spindelstrauch
Euonymus europaeus,Gemeines Pfaffenhütchen
Euonymus fortunei,Kletternder Spindelstrauch
Euonymus japonicus,Japanisches Pfaffenhütchen
Euonymus macropterus,Ussuri-Spindelstrauch
Euonymus planipes,Großfrüchtiges Pfaffenhütchen
Euphorbia pulcherrima,Weihnachtsstern
Exochorda giraldii,Dahurische Radspiere
Fagus crenata,Kerb-Buche
Fagus engleriana,Englers Buche
Fagus grandifolia,Amerikanische Buche
Fagus orientalis,Orient-Buche
Fagus sylvatica,Gemeine Buche
Fagus sylvatica 'Asplenifolia',Farnblättrige Buche
Fagus sylvatica 'Felderbach',Felderbach-Buche
Fagus sylvatica 'Pendula',Hänge-Buche
Fagus sylvatica 'Purpurea',Blut-Buche
Fagus sylvatica 'Tortuosa',Süntel-Buche
Fagus sylvatica f. grandidentata,Grobgezähnte Buche
Fagus sylvatica f. laciniata,Schlitzblättrige Buche
Fagus sylvatica f. luteo-variegata,Gelbbunte Buche
Fagus sylvatica f. purpurea tricolor,Buntblättrige Buche
Fagus sylvatica f. quercifolia,Eichenblättrige Buche
Fallopia baldschuanica,Schling-Knöterich
Fatsia japonica,Zimmeraralie
Feijoa sellowiana,Brasilianische Guave
Ficus benjamina,Birken-Feige
Ficus carica,Echter Feigenbaum
Ficus elastica,Gummibaum
Ficus lyrata,Leier-Feige
Ficus macrophylla,Großblättrige Feige
Ficus microcarpa,Chinesische Feige
Ficus sycomorus,Maulbeer-Feige
Firmiana simplex,Sonnenschirmbaum
Forsythia x intermedia,Forsythie
Fortunella margarita,Kumquat
Fothergilla major,Großer Federbuschstrauch
Frangula alnus,Gemeiner Faulbaum
Fraxinus angustifolia,Schmalblättrige Esche
Fraxinus excelsior,Gemeine Esche
Fraxinus excelsior f. diversifolia,Einblatt-Esche
Fraxinus excelsior f. pendula,Hänge-Esche
Fraxinus latifolia,Oregon-Esche
Fraxinus ornus,Manna-Esche
Fraxinus paxiana,Chinesische Blumenesche
Fraxinus pennsylvanica,Rot-Esche
Freylinia lanceolata,Honigglockenbusch
Fuchsia magellanica,Scharlach-Fuchsie
Gaultheria procumbens,Niedere Scheinbeere
Genista tinctoria,Färber-Ginster
Ginkgo biloba L.,Ginkgobaum
Gleditsia triacanthos,Amerikanische Gleditschie
Grevillea robusta,Australische Silbereiche
Gymnocladus dioicus,Geweihbaum
Halesia carolina,Carolina-Schneeglöckchenbaum
Halesia monticola,Berg-Schneeglöckchenbaum
Halimodendron halodendron,Salzstrauch
Hamamelis virginiana,Virginische Zaubernuss
Hamamelis x intermedia,Hybrid-Zaubernuss
Hebe x andersonii,Strauch-Veronika
Hedera helix,Gewöhnlicher Efeu
Helichrysum italicum,Italienische Strohblume
Hemiptelea davidii,Dorn-Ulme
Heptacodium miconioides,Sieben Söhne des Himmels Strauch
Hibiscus rosa-sinensis,Chinesischer Rosen-Eibisch
Hibiscus syriacus,Strauch-Eibisch
Hippophae rhamnoides,Sanddorn
Holodiscus discolor,Schaumspiere
Hovenia dulcis,Japanischer Rosinenbaum
Humulus lupulus,Echter Hopfen
Hura crepitans,Sandbüchsenbaum 
Hydrangea arborescens,Wald-Hortensie
Hydrangea aspera ssp. aspera,Rauhe Hortensie
Hydrangea aspera ssp. sargentiana,Sargents Samt-Hortensie
Hydrangea macrophylla,Garten-Hortensie
Hydrangea paniculata,Rispen-Hortensie
Hydrangea petiolaris,Kletter-Hortensie
Hydrangea quercifolia,Eichblatt-Hortensie
Hypericum androsaemum,Blut-Johanniskraut
Hypericum balearicum,Balearen-Johanniskraut
Hyssopus officinalis,Ysop
Idesia polycarpa,Orangenkirsche
Ilex aquifolium,Stechpalme
Ilex crenata,Japanische Stechpalme
Ilex pernyi,Rautenblättrige Stechpalme
Indigofera heterantha,Himalaja-Indigostrauch
Indigofera tinctoria,Färber-Indigostrauch
Jacaranda mimosifolia,Palisanderholzbaum
Jasminum nudiflorum,Winter-Jasmin
Jasminum officinale,Echter Jasmin 
Juglans ailantifolia,Japanische Walnuss
Juglans cinerea,Butternuss
Juglans microcarpa,Kleinfruchtige Walnuss
Juglans nigra,Schwarznuss
Juglans regia,Echte Walnuss
Juniperus communis,Gemeiner Wacholder
Juniperus oxycedrus,Rotbeeriger Wacholder
Juniperus sabina,Sadebaum
Juniperus scopulorum,Felsengebirgs-Wacholder
Juniperus x pfitzeriana,Pfitzers Wacholder
Kalmia latifolia,Breitblättrige Lorbeerrose
Kalopanax septemlobus,Baum-Aralie
Kerria japonica 'Pleniflora',Ranunkelstrauch
Khaya senegalensis,Afrikanischer Mahagonibaum
Koelreuteria paniculata,Rispiger Blasenbaum
Kolkwitzia amabilis,Kolkwitzie
Laburnum alpinum,Alpen-Goldregen
Laburnum anagyroides,Gewöhnlicher Goldregen
Lagerstroemia indica,Indische Lagerstroemie
Lagerstroemia speciosa,Prächtige Lagerstroemie
Lagunaria patersonia,Norfolk-Hibiskus
Lantana camara,Wandelröschen
Larix decidua,Europäische Lärche
Larix kaempferi,Japanische Lärche
Larix x marschlinsii,Hybrid-Lärche
Laurus nobilis,Lorbeerbaum
Lavandula angustifolia,Schmalblättriger Lavendel
Lavandula dentata,Gezähnter Lavendel
Lavandula stoechas,Schopf-Lavendel
Lespedeza thunbergii,Thunbergs Buschklee
Leucaena leucocephala,Weißkopfmimose
Leuocothoe fontanesiana,Gebogene Traubenheide
Leycesteria formosa,Schöne Lycesterie
Ligustrum japonicum,Japanischer Liguster
Ligustrum lucidum,Glänzender Liguster
Ligustrum ovalifolium,Wintergrüner Liguster
Ligustrum vulgare,Gewöhnlicher Liguster
Liquidambar formosana,Chinesischer Amberbaum
Liquidambar orientalis,Orientalischer Amberbaum
Liquidambar styraciflua,Amerikanischer Amberbaum
Liriodendron chinense,Chinesischer Tulpenbaum
Liriodendron tulipifera,Tulpenbaum
Lonicera alpigena,Alpen-Heckenkirsche
Lonicera caprifolium,Echtes Geißblatt
Lonicera etrusca,Etruskisches Geißblatt
Lonicera henryi,Henrys Heckenkirsche
Lonicera implexa,Macchien-Geißblatt
Lonicera japonica,Japanisches Geißblatt
Lonicera kamtschatica,Kamtschatka-Heckenkirsche
Lonicera maackii,Maacks Heckenkirsche
Lonicera nigra,Schwarze Heckenkirsche
Lonicera periclymenum,Wald-Geißblatt
Lonicera pileata,Immergrüne Kriech-Heckenkirsche
Lonicera tatarica,Tataren-Heckenkirsche
Lonicera x heckrottii,Heckrotts Geißblatt
Lonicera x purpusii 'Winter Beauty',Purpus Heckenkirsche
Lonicera xylosteum,Rote Heckenkirsche
Lycium barbarum,Gemeiner Bocksdorn
Maackia chinensis,Chinesisches Gelbholz
Maclura pomifera,Osagedorn
Magnolia acuminata,Gurken-Magnolie
Magnolia acuminata var. acuminata,Blaue Gurken-Magnolie
Magnolia denudata,Yulan-Magnolie
Magnolia grandiflora,Immergrüne Magnolie
Magnolia kobus,Kobushi-Magnolie
Magnolia liliiflora,Purpur-Magnolie
Magnolia macrophylla,Großblättrige Magnolie
Magnolia obovata,Honoki-Magnolie
Magnolia officinalis,Arznei-Magnolie
Magnolia sieboldii,Sommer-Magnolie
Magnolia stellata,Stern-Magnolie
Magnolia tripetala,Schirm-Magnolie
Magnolia x soulangeana,Tulpen-Magnolie
Magnolia x wiesneri,Wiesners Magnolie
Mahonia aquifolium,Gewöhnliche Mahonie
Mahonia x media,Mittlere Mahonie
Malus domestica,Kultur-Apfel
Malus floribunda,Vielblütiger Apfel
Malus sargentii,Sargents Apfel
Malus sieboldii,Siebolds Apfel
Malus sylvestris,Holz-Apfel
Malus toringo,Toringo-Apfel
Malus toringoides,Chinesischer Apfel
Malus trilobata,Dreilappiger Apfel
Malus x purpurea,Purpur-Apfel
Malvaviscus penduliflorus,Hängender Schlafender Hibiskus
Melia azedarach,Paternosterbaum
Mespilus germanica,Mispel
Metasequoia glyptostroboides,Chinesisches Rotholz
Metrosideros excelsa,Neuseeländischer Weihnachtsbaum
Morus alba,Weißer Maulbeerbaum
Morus alba f. macrophylla,Platanenblättriger Maulbeerbaum
Morus nigra,Schwarzer Maulbeerbaum
Myoporum serratum,Myoporum serratum
Myrtus communis,Gemeine Myrte
Nandina domestica,Himmelsbambus
Nerium oleander,Oleander
Nicotiana glauca,Blaugrüner Tabak
Nothofagus antarctica,Südbuche
Nyssa sylvatica,Wald-Tupelobaum
Olea europaea,Ölbaum
Osmanthus x burkwoodii,Burkwoods Duftblüte
Osmanthus x fortunei,Spätsommer-Duftblüte
Ostrya carpinifolia,Hopfenbuche
Ostrya virginiana,Virginische Hopfenbuche
Osyris alba,Honigduftender Rutenstrauch
Oxydendrum arboreum,Sauerbaum
Pachypodium lamerei,Madagaskarpalme
Paeonia x suffruticosa,Strauch-Päonie
Paliurus spina-christi,Christdorn
Parkinsonia aculeata,Jerusalemsdorn
Parrotia persica,Persischer Eisenholzbaum
Parrotiopsis jaquemontiana,Scheinparrotie
Parthenocissus inserta,Gewöhnliche Jungfernrebe
Parthenocissus quinquefolia,Wilder Wein
Parthenocissus tricuspidata,Wilder Wein
Passiflora caerulea,Blaue Passionsblume
Paulownia hybridus,Paulownia-Hybride
Paulownia tomentosa,Chinesischer Blauglockenbaum
Peltophorum pterocarpum,Gelber Flammenbaum
Pereskia bleo,Rosen-Kaktus
Persea americana,Avocado
Petteria ramentacea,Petterie
Phellodendron amurense,Amur-Korkbaum
Philadelphus coronarius,Pfeifenstrauch
Philadelphus x virginalis,Pfeifenstrauch
Phillyrea angustifolia,Schmalblättrige Steinlinde
Phillyrea latifolia,Breitblättrige Steinlinde
Phlomis fruticosa,Strauchiges Brandkraut
Phoenix canariensis,Kanarische Dattelpalme
Phoenix dactylifera,Echte Dattelpalme
Photinia davidiana,Davids-Glanzmispel
Photinia x fraseri,Kahle Glanzmispel
Physocarpus opulifolius,Schneeballblättrige Blasenspiere
Phytolacca dioica,Zweihäusige Kermesbeere
Picea abies,Gemeine Fichte
Picea abies 'Inversa',Hänge-Fichte
Picea asperata,Borsten-Fichte
Picea breweriana,Siskiyou-Fichte
Picea engelmanii,Engelmanns Fichte
Picea glauca,Weiß-Fichte
Picea glauca 'Conica',Zuckerhut-Fichte
Picea mariana,Schwarz-Fichte
Picea omorika,Serbische Fichte
Picea orientalis,Kaukasus-Fichte
Picea polita,Tigerschwanz-Fichte
Picea pungens 'Glauca',Blaue Stech-Fichte
Picea sitchensis,Sitka-Fichte
Picea wilsonii,Wilsons Fichte
Pieris floribunda,Vielblütige Lavendelheide
Pieris japonica,Japanische Lavendelheide
Pinus aristata,Grannen-Kiefer
Pinus armandii,Davids-Kiefer
Pinus attenuata,Höcker-Kiefer
Pinus banksiana,Banks-Kiefer
Pinus bungeana,Tempel-Kiefer
Pinus canariensis,Kanarische Kiefer
Pinus cembra,Zirbel-Kiefer
Pinus contorta,Dreh-Kiefer
Pinus coulteri,Coulter-Kiefer
Pinus halepensis,Aleppo-Kiefer
Pinus heldreichii,Panzer-Kiefer
Pinus jeffreyi,Jeffrey-Kiefer
Pinus koraiensis,Korea-Kiefer
Pinus leucodermis,Schlangenhaut-Kiefer
Pinus monophylla,Einnnadelige Kiefer
Pinus monticola,Westamerikanische Weymouths-Kiefer
Pinus mugo,Berg-Kiefer
Pinus nigra,Schwarz-Kiefer
Pinus nigra var. laricio,Korsische Kiefer
Pinus nigra var. salzmanii,Pyrenäen-Kiefer
Pinus parviflora,Mädchen-Kiefer
Pinus peuce,Rumelische Kiefer
Pinus pinaster,Strand-Kiefer
Pinus pinea,Pinie
Pinus ponderosa,Gelb-Kiefer
Pinus strobus,Weymouths Kiefer
Pinus sylvestris,Wald-Kiefer
Pinus thunbergii,Thunbergs Kiefer
Pinus uncinata,Haken-Kiefer
Pinus wallichiana,Tränen-Kiefer
Pinus x schwerinii,Schwerins Kiefer
Pistacia lentiscus,Mastixstrauch
Pistacia terebinthus,Terpentin-Pistazie
Pistacia vera,Echte Pistazie
Pittosporum crassifolium,Dickblättriger Klebsame
Pittosporum tobira,Chinesischer Klebsame
Pittosporum undulatum,Krausblättriger Klebsame
Platanus orientalis,Morgenländische Platane
Platanus x hispanica,Gewöhnliche Platane
Platycarya strobilacea,Zapfennuss
Platycladus orientalis,Morgenländischer Lebensbaum
Plumbago auriculata,Kap-Bleiwurz
Plumeria rubra,Frangipani
Podranea ricasoliana,Rosa Klettertrompete
Polygala myrtifolia,Myrtenblättrige Kreuzblume
Poncirus trifoliata,Bitterorange
Populus alba,Silber-Pappel
Populus balsamifera,Balsam-Pappel
Populus lasiocarpa,Großblatt-Pappel
Populus nigra,Schwarz-Pappel
Populus nigra 'Italica',Pyramiden-Pappel
Populus simonii,Birken-Pappel
Populus tremula,Zitter-Pappel
Populus trichocarpa,Westliche Balsam-Pappel
Populus x canadensis,Kanada-Pappel
Populus x canescens,Grau-Pappel
Prosopis juliflora,Mesquite
Prunus 'Accolade',Prunus 'Accolade'
Prunus 'Kursar',Prunus 'Kursar'
Prunus armeniaca,Aprikose
Prunus avium,Vogel-Kirsche
Prunus avium 'Plena',Prunus avium 'Plena'
Prunus cerasifera,Kirschpflaume
Prunus cerasifera 'Nigra',Blut-Pflaume
Prunus cerasifera 'Rosea',Prunus cerasifera 'Rosea'
Prunus cerasus,Sauer-Kirsche
Prunus cerasus 'Rhexii',Prunus cerasus 'Rhexii'
Prunus davidiana,Davids Pfirsich
Prunus domestica,Pflaume
Prunus domestica ssp. insititia,Hafer-Pflaume
Prunus domestica ssp. syriaca,Mirabelle
Prunus domestica subsp. domestica,Zwetschge
Prunus domestica subsp. italica,Reneklode
Prunus dulcis,Mandelbaum
Prunus fenziliana,Kaukasische Mandel
Prunus incana,Graue Kirschmandel
Prunus incisa,Fuji-Kirsche
Prunus laurocerasus,Kirschlorbeer
Prunus lusitanica,Portugiesische Lorbeer-Kirsche
Prunus maackii,Amur-Trauben-Kirsche
Prunus mahaleb,Felsen-Kirsche
Prunus mume,Japanische Aprikose
Prunus nipponica var. kurilensis,Kurilen-Kirsche
Prunus padus,Gemeine Trauben-Kirsche
Prunus persica,Pfirsich
Prunus sargentii,Berg-Kirsche
Prunus serotina,Späte Trauben-Kirsche
Prunus serrula,Mahagoni-Kirsche
Prunus serrulata 'Kanzan',Japanische Blüten-Kirsche
Prunus sibirica,Sibirische Aprikose
Prunus spinosa,Schlehe 
Prunus subhirtella,Higan-Kirsche
Prunus subhirtella f. autumnalis,Winter-Kirsche
Prunus tomentosa,Japanische Mandel-Kirsche
Prunus triloba,Mandelbäumchen
Pseudocydonia sinensis,Holz-Quitte
Pseudolarix amabilis,Goldlärche
Pseudotsuga menziesii,Douglasie
Ptelea trifoliata,Kleeulme
Pterocarya fraxinifolia,Kaukasische Flügelnuss
Pterocarya rhoifolia,Japanische Flügelnuss
Pterocarya stenoptera,Chinesische Flügelnuss
Pterostyrax corymbosus,Doldiger Flügel-Storax
Pterostyrax hispidus,Borstiger Flügelstorax
Punica granatum,Granatapfel
Pyracantha coccinea,Feuerdorn
Pyrocydonia daniellii,Quittenbirne
Pyrus betulifolia,Birkenblättrige Birne
Pyrus calleryana 'Chanticleer',Chinesische Birne
Pyrus communis,Kultur-Birne
Pyrus pyraster,Holz-Birne
Pyrus pyrifolia var. culta,Nashi-Birne
Pyrus salicifolia,Weidenblättrige Birne
Quercus acutissima,Seidenraupen-Eiche
Quercus alba,Weiß-Eiche
Quercus calliprinos,Palästina-Eiche
Quercus canariensis,Algerische Eiche
Quercus castaneifolia,Kastanienblättrige Eiche
Quercus cerris,Zerr-Eiche
Quercus coccifera,Kermes-Eiche
Quercus coccinea,Scharlach-Eiche
Quercus dentata,Japanische Kaiser-Eiche
Quercus faginea,Portugiesische Eiche
Quercus frainetto,Ungarische Eiche
Quercus ilex,Stein-Eiche
Quercus ilicifolia,Busch-Eiche
Quercus imbricaria,Schindel-Eiche
Quercus ithaburensis ssp. macrolepis,Vallonea-Eiche
Quercus libani,Libanon-Eiche
Quercus macranthera,Persische Eiche
Quercus macrocarpa,Klettenfrüchtige Eiche
Quercus marilandica,Schwarz-Eiche
Quercus nigra,Wasser-Eiche
Quercus palustris,Sumpf-Eiche
Quercus petraea,Trauben-Eiche
Quercus petraea 'Laciniata Crispa',Fadenblatt-Eiche
Quercus petraea Mespilifolia Group,Mispelblättrige Eiche
Quercus phellos,Weiden-Eiche
Quercus pontica,Pontische Eiche
Quercus pubescens,Flaum-Eiche
Quercus pyrenaica,Pyrenäen-Eiche
Quercus robur,Stiel-Eiche
Quercus robur f. fastigiata,Säulen-Stiel-Eiche
Quercus robur f. pectinata,Schlitzblättrige Stiel-Eiche
Quercus rubra,Rot-Eiche
Quercus rysophylla,Wollmispel-Eiche
Quercus shumardii,Shumard-Eiche
Quercus stellata,Pfahl-Eiche
Quercus suber,Kork-Eiche
Quercus velutina,Färber-Eiche
Quercus x hispanica 'Lucombeana',Spanische Eiche
Quercus x leana,Leas Eiche
Quercus x turneri,Wintergrüne Eiche
Rhamnus alaternus,Immergrüner Kreuzdorn
Rhamnus cathartica,Purgier-Kreuzdorn
Rhamnus imeretina,Kaukasischer Faulbaum
Rhamnus lycioides,Bocksdornartiger Kreuzdorn
Rhamnus pumila,Zwerg-Kreuzdorn
Rhamnus saxatilis,Felsen-Kreuzdorn
Rhododendron catawbiense,Catawba-Rhododendron 
Rhododendron ferrugineum,Rostblättrige Alpenrose
Rhododendron hirsutum,Behaarte Alpenrose
Rhododendron tomentosum,Sumpf-Porst
Rhodotypos scandens,Scheinkerrie
Rhus typhina,Essig-Baum
Ribes aureum,Gold-Johannisbeere
Ribes petraeum,Felsen-Johannisbeere
Ribes rubrum,Rote Johannisbeere
Ribes sanguineum,Blut-Johannisbeere
Ribes uva-crispa var. sativum,Kultur-Stachelbeere
Ricinus communis,Wunderbaum
Robinia hispida,Borstige Robinie
Robinia luxurians,Üppige Robinie
Robinia pseudoacacia,Robinie
Robinia pseudoacacia 'Frisia',Gold-Robinie
Robinia x margaretta 'Casque Rouge',Robinia x margaretta
Rosa banksiae,Banks Rose
Rosa canina,Hunds-Rose
Rosa gallica,Essig-Rose
Rosa glauca,Rotblatt-Rose
Rosa multiflora,Vielblütige Rose
Rosa rugosa,Kartoffel-Rose
Rosa sericea ssp. omeiensis f. pteracantha,Stacheldraht-Rose
Rosa spinosissima,Bibernell-Rose
Rosa tomentosa,Filz-Rose
Rosmarinus officinalis,Rosmarin
Rubia peregrina,Kletten-Krapp
Rubus fruticosus,Brombeere
Rubus idaeus,Himbeere
Rubus odoratus,Wohlriechende Himbeere
Rubus spectabilis,Lachs-Himbeere
Ruscus aculeatus,Stacheliger Mäusedorn
Ruta graveolens,Wein-Raute
Salix alba,Silber-Weide
Salix alba 'Tristis',Trauer-Weide
Salix aurita,Ohr-Weide
Salix babylonica,Babylonische Trauer-Weide
Salix caprea,Sal-Weide
Salix caprea 'Kilmarnock',Hängekätzchen-Weide
Salix cinerea,Grau-Weide
Salix fragilis,Bruch-Weide
Salix integra 'Hakuro Nishiki',Harlekin-Weide
Salix irrorata,Amerikanische Reif-Weide
Salix matsudana 'Tortuosa',Korkenzieher-Weide
Salix purpurea,Purpur-Weide
Salix retusa,Stumpfblättrige Weide
Salix udensis f. sekka,Drachen-Weide
Salix viminalis,Korb-Weide
Salvia greggii,Herbst-Salbei
Salvia officinalis,Echter Salbei
Samanea saman,Rain Tree
Sambucus nigra,Schwarzer Holunder
Sambucus nigra f. porphyrophylla,Schwarzpurpurner schlitzblättriger Holunder
Sambucus nigra ssp. caerulea,Blauer Holunder
Sambucus racemosa,Trauben-Holunder
Santolina chamaecyparissus,Graues Heiligenkraut
Sarcococca hookeriana var. humilis,Himalaja-Fleischbeere
Sassafras albidum,Fenchelholzbaum
Satureja montana,Berg-Bohnenkraut
Schefflera actinophylla,Queensland Strahlenaralie
Schinus molle,Pfefferbaum
Sciadopitys verticillata,Schirmtanne
Senna didymobotrya,Kerzenstrauch
Senna x floribunda,Gewürzstrauch
Sequoia sempervirens,Küsten-Mammutbaum
Sequoiadendron giganteum,Riesen-Mammutbaum
Shepherdia argentea,Silber-Büffelbeere
Sinocalycanthus chinensis,Chinesischer Gewürzstrauch
Skimmia japonica,Japanische Skimmie
Smilax aspera,Raue Stechwinde
Solanum dulcamara,Bittersüßer Nachtschatten
Solanum jasminoides,Jasminblütiger Nachtschatten 
Sorbaria sorbifolia,Sibirische Fiederspiere
Sorbus alnifolia,Erlenblättrige Mehlbeere
Sorbus americana,Amerikanische Eberesche
Sorbus aria,Echte Mehlbeere
Sorbus aucuparia,Eberesche
Sorbus chamaemespilus,Zwerg-Eberesche
Sorbus domestica,Speierling
Sorbus intermedia,Schwedische Mehlbeere
Sorbus torminalis,Elsbeere
Sparmannia africana,Zimmerlinde
Spartium junceum,Pfriemenginster
Spathodea campanulata,Afrikanischer Tulpenbaum
Spiraea japonica,Japanischer Spierstrauch
Spiraea thunbergii,Thunbergs Spierstrauch
Spiraea x billardii,Billards Spierstrauch
Spiraea x vanhouttei,Pracht-Spierstrauch
Stachyurus praecox,Japanischer Perlschweif
Staphylea colchica,Kolchische Pimpernuss
Staphylea holocarpa,Chinesische Pimpernuss
Staphylea pinnata,Pimpernuss
Stephanandra incisa,Kleine Kranzspiere
Stewartia pseudocamellia,Scheinkamelie
Styphnolobium japonicum,Japanischer Schnurbaum
Styrax japonicus,Japanischer Storaxbaum
Styrax obassia,Obassia-Storaxbaum
Styrax officinalis,Echter Storaxbaum
Symphoricarpos albus,Gemeine Schneebeere
Symphoricarpos x chenaultii,Chenault-Schneebeere
Syringa meyeri,Zwerg-Flieder
Syringa reflexa,Bogen-Flieder
Syringa vulgaris,Gewöhnlicher Flieder
Taiwania cryptomerioides,Taiwanie
Tamarix africana,Afrikanische Tamariske
Tamarix aphylla,Blattlose Tamariske
Tamarix parviflora,Frühlings-Tamariske
Taxodium distichum,Sumpfzypresse
Taxus baccata,Gemeine Eibe
Tecoma capensis,Kapgeißblatt
Tecoma stans,Gelbe Trompetenblume
Terminalia catappa,Seemandel
Tetradium daniellii,Samthaarige Stinkesche
Tetrapanax papyrifer,Reispapierbaum
Thuja occidentalis,Abendländischer Lebensbaum
Thuja plicata,Riesen-Lebensbaum
Thujopsis dolabrata,Hiba-Lebensbaum
Thymelaea hirsuta,Behaarte Spatzenzunge
Thymus vulgaris,Echter Thymian
Tilia americana,Amerikanische Linde
Tilia cordata,Winter-Linde
Tilia dasystyla,Kaukasische Linde
Tilia henryana,Henrys Linde
Tilia mongolica,Mongolische Linde
Tilia platyphyllos,Sommer-Linde
Tilia tomentosa,Silber-Linde
Tilia tomentosa f. petiolaris,Hänge-Silber-Linde
Tilia x euchlora,Krim-Linde
Tilia x europaea,Holländische Linde
Tipuana tipu,Tipubaum
Toona sinensis,Surenbaum
Torreya californica,Kalifornische Nusseibe
Trachelospermum jasminoides,Chinesischer Sternjasmin
Trachycarpus fortunei,Chinesische Hanfpalme
Trochodendron aralioides,Radbaum
Tsuga canadensis,Kanadische Hemlock
Tsuga diversifolia,Japanische Hemlocktanne
Tsuga heterophylla,Westliche Hemlockstanne
Ulex europaeus,Stechginster
Ulmus glabra,Berg-Ulme
Ulmus laevis,Flatter-Ulme
Ulmus minor,Feld-Ulme
Ulmus minor 'Jacqueline Hillier',Ulme 'Jacqueline Hillier'
Ulmus minor 'Wredei',Gold-Ulme
Ulmus parvifolia,Chinesische Ulme
Ulmus pumila,Sibirische Ulme
Vaccinium corymbosum,Amerikanische Heidelbeere
Vaccinium myrtillus,Blaubeere
Vaccinium uliginosum,Rauschbeere
Vaccinium vitis-idaea,Preißelbeere
Vachellia xanthophloea,Gelbrinden-Akazie
Viburnum carlesii,Koreanischer Schneeball
Viburnum davidii,Davids Schneeball
Viburnum farreri,Duftender Schneeball
Viburnum lantana,Wolliger Schneeball
Viburnum lantanoides,Erlenblättriger Schneeball
Viburnum lentago,Kanadischer Schneeball
Viburnum opulus,Gemeiner Schneeball
Viburnum opulus f. roseum,Gefüllter Gewöhnlicher Schneeball
Viburnum plicatum,Japanischer Schneeball
Viburnum plicatum f. sterile,Gefüllter Japanischer Schneeball
Viburnum rhytidophyllum,Runzelblättriger Schneeball
Viburnum tinus,Lorbeerblättriger Schneeball
Viburnum x bodnantense,Bodnant-Schneeball
Viburnum x burkwoodii,Oster-Schneeball
Viburnum x carlcephalum,Großblumiger Duft-Schneeball
Viscum album,Mistel
Vitex agnus-castus,Mönchspfeffer
Vitis coignetiae,Rostrote Weinrebe
Vitis vinifera,Echte Weinrebe
Washingtonia filifera,Kalifornische Palme
Washingtonia robusta,Mexikanische Fächerpalme
Weigela florida,Liebliche Weigelie
Wisteria floribunda,Japanischer Blauregen
Wisteria sinensis,Chinesischer Blauregen
Wollemia nobilis,Wollemie
Xanthoceras sorbifolium,Gelbhorn
Xanthocyparis nootkatensis,Nootka-Scheinzypresse
Yucca gloriosa,Kerzen-Palmlilie
Zanthoxylum simulans,Täuschendes Gelbholz
Zelkova carpinifolia,Kaukasische Zelkove
Zelkova serrata,Japanische Zelkove
Ziziphus jujuba,Chinesische Dattel
